{
    "latitude": 39.0589084,
    "longitude": -108.565996,
    "timezone": "America/Denver",
    "offset": -6.0,
    "elevation": 4596,
    "currently": {
        "time": 1694524740,
        "summary": "Cloudy",
        "icon": "cloudy",
        "nearestStormDistance": 0,
        "nearestStormBearing": 0,
        "precipIntensity": 0.0,
        "precipProbability": 0.0,
        "precipIntensityError": 0.0,
        "precipType": "none",
        "temperature": 59.63,
        "apparentTemperature": 56.09,
        "dewPoint": 33.42,
        "humidity": 0.35,
        "pressure": 862.0,
        "windSpeed": 5.65,
        "windGust": 9.49,
        "windBearing": 130,
        "cloudCover": 1.0,
        "uvIndex": 0.0,
        "visibility": 10.0,
        "ozone": 289.63
    },
    "minutely": {
        "summary": "Clear",
        "icon": "clear",
        "data": [
            {
                "time": 1694524740,
                "precipIntensity": 0.0,
                "precipProbability": 0.0,
                "precipIntensityError": 0.0,
                "precipType": "none"
            },
            {
                "time": 1694524800,
                "precipIntensity": 0.0,
                "precipProbability": 0.0,
                "precipIntensityError": 0.0,
                "precipType": "none"
            },
            {
                "time": 1694524860,
                "precipIntensity": 0.0,
                "precipProbability": 0.0,
                "precipIntensityError": 0.0,
                "precipType": "none"
            },
            {
                "time": 1694524920,
                "precipIntensity": 0.0,
                "precipProbability": 0.0,
                "precipIntensityError": 0.0,
                "precipType": "none"
            },
            {
                "time": 1694524980,
                "precipIntensity": 0.0,
                "precipProbability": 0.0,
                "precipIntensityError": 0.0,
                "precipType": "none"
            },
            {
                "time": 1694525040,
                "precipIntensity": 0.0,
                "precipProbability": 0.0,
                "precipIntensityError": 0.0,
                "precipType": "none"
            },
            {
                "time": 1694525100,
                "precipIntensity": 0.0,
                "precipProbability": 0.0,
                "precipIntensityError": 0.0,
                "precipType": "none"
            },
            {
                "time": 1694525160,
                "precipIntensity": 0.0,
                "precipProbability": 0.0,
                "precipIntensityError": 0.0,
                "precipType": "none"
            },
            {
                "time": 1694525220,
                "precipIntensity": 0.0,
                "precipProbability": 0.0,
                "precipIntensityError": 0.0,
                "precipType": "none"
            },
            {
                "time": 1694525280,
                "precipIntensity": 0.0,
                "precipProbability": 0.0,
                "precipIntensityError": 0.0,
                "precipType": "none"
            },
            {
                "time": 1694525340,
                "precipIntensity": 0.0,
                "precipProbability": 0.0,
                "precipIntensityError": 0.0,
                "precipType": "none"
            },
            {
                "time": 1694525400,
                "precipIntensity": 0.0,
                "precipProbability": 0.0,
                "precipIntensityError": 0.0,
                "precipType": "none"
            },
            {
                "time": 1694525460,
                "precipIntensity": 0.0,
                "precipProbability": 0.0,
                "precipIntensityError": 0.0,
                "precipType": "none"
            },
            {
                "time": 1694525520,
                "precipIntensity": 0.0,
                "precipProbability": 0.0,
                "precipIntensityError": 0.0,
                "precipType": "none"
            },
            {
                "time": 1694525580,
                "precipIntensity": 0.0,
                "precipProbability": 0.0,
                "precipIntensityError": 0.0,
                "precipType": "none"
            },
            {
                "time": 1694525640,
                "precipIntensity": 0.0,
                "precipProbability": 0.0,
                "precipIntensityError": 0.0,
                "precipType": "none"
            },
            {
                "time": 1694525700,
                "precipIntensity": 0.0,
                "precipProbability": 0.0,
                "precipIntensityError": 0.0,
                "precipType": "none"
            },
            {
                "time": 1694525760,
                "precipIntensity": 0.0,
                "precipProbability": 0.0,
                "precipIntensityError": 0.0,
                "precipType": "none"
            },
            {
                "time": 1694525820,
                "precipIntensity": 0.0,
                "precipProbability": 0.0,
                "precipIntensityError": 0.0,
                "precipType": "none"
            },
            {
                "time": 1694525880,
                "precipIntensity": 0.0,
                "precipProbability": 0.0,
                "precipIntensityError": 0.0,
                "precipType": "none"
            },
            {
                "time": 1694525940,
                "precipIntensity": 0.0,
                "precipProbability": 0.0,
                "precipIntensityError": 0.0,
                "precipType": "none"
            },
            {
                "time": 1694526000,
                "precipIntensity": 0.0,
                "precipProbability": 0.0,
                "precipIntensityError": 0.0,
                "precipType": "none"
            },
            {
                "time": 1694526060,
                "precipIntensity": 0.0,
                "precipProbability": 0.0,
                "precipIntensityError": 0.0,
                "precipType": "none"
            },
            {
                "time": 1694526120,
                "precipIntensity": 0.0,
                "precipProbability": 0.0,
                "precipIntensityError": 0.0,
                "precipType": "none"
            },
            {
                "time": 1694526180,
                "precipIntensity": 0.0,
                "precipProbability": 0.0,
                "precipIntensityError": 0.0,
                "precipType": "none"
            },
            {
                "time": 1694526240,
                "precipIntensity": 0.0,
                "precipProbability": 0.0,
                "precipIntensityError": 0.0,
                "precipType": "none"
            },
            {
                "time": 1694526300,
                "precipIntensity": 0.0,
                "precipProbability": 0.0,
                "precipIntensityError": 0.0,
                "precipType": "none"
            },
            {
                "time": 1694526360,
                "precipIntensity": 0.0,
                "precipProbability": 0.0,
                "precipIntensityError": 0.0,
                "precipType": "none"
            },
            {
                "time": 1694526420,
                "precipIntensity": 0.0,
                "precipProbability": 0.0,
                "precipIntensityError": 0.0,
                "precipType": "none"
            },
            {
                "time": 1694526480,
                "precipIntensity": 0.0,
                "precipProbability": 0.0,
                "precipIntensityError": 0.0,
                "precipType": "none"
            },
            {
                "time": 1694526540,
                "precipIntensity": 0.0,
                "precipProbability": 0.0,
                "precipIntensityError": 0.0,
                "precipType": "none"
            },
            {
                "time": 1694526600,
                "precipIntensity": 0.0,
                "precipProbability": 0.0,
                "precipIntensityError": 0.0,
                "precipType": "none"
            },
            {
                "time": 1694526660,
                "precipIntensity": 0.0,
                "precipProbability": 0.0,
                "precipIntensityError": 0.0,
                "precipType": "none"
            },
            {
                "time": 1694526720,
                "precipIntensity": 0.0,
                "precipProbability": 0.0,
                "precipIntensityError": 0.0,
                "precipType": "none"
            },
            {
                "time": 1694526780,
                "precipIntensity": 0.0,
                "precipProbability": 0.0,
                "precipIntensityError": 0.0,
                "precipType": "none"
            },
            {
                "time": 1694526840,
                "precipIntensity": 0.0,
                "precipProbability": 0.0,
                "precipIntensityError": 0.0,
                "precipType": "none"
            },
            {
                "time": 1694526900,
                "precipIntensity": 0.0,
                "precipProbability": 0.0,
                "precipIntensityError": 0.0,
                "precipType": "none"
            },
            {
                "time": 1694526960,
                "precipIntensity": 0.0,
                "precipProbability": 0.0,
                "precipIntensityError": 0.0,
                "precipType": "none"
            },
            {
                "time": 1694527020,
                "precipIntensity": 0.0,
                "precipProbability": 0.0,
                "precipIntensityError": 0.0,
                "precipType": "none"
            },
            {
                "time": 1694527080,
                "precipIntensity": 0.0,
                "precipProbability": 0.0,
                "precipIntensityError": 0.0,
                "precipType": "none"
            },
            {
                "time": 1694527140,
                "precipIntensity": 0.0,
                "precipProbability": 0.0,
                "precipIntensityError": 0.0,
                "precipType": "none"
            },
            {
                "time": 1694527200,
                "precipIntensity": 0.0,
                "precipProbability": 0.0,
                "precipIntensityError": 0.0,
                "precipType": "none"
            },
            {
                "time": 1694527260,
                "precipIntensity": 0.0,
                "precipProbability": 0.0,
                "precipIntensityError": 0.0,
                "precipType": "none"
            },
            {
                "time": 1694527320,
                "precipIntensity": 0.0,
                "precipProbability": 0.0,
                "precipIntensityError": 0.0,
                "precipType": "none"
            },
            {
                "time": 1694527380,
                "precipIntensity": 0.0,
                "precipProbability": 0.0,
                "precipIntensityError": 0.0,
                "precipType": "none"
            },
            {
                "time": 1694527440,
                "precipIntensity": 0.0,
                "precipProbability": 0.0,
                "precipIntensityError": 0.0,
                "precipType": "none"
            },
            {
                "time": 1694527500,
                "precipIntensity": 0.0,
                "precipProbability": 0.0,
                "precipIntensityError": 0.0,
                "precipType": "none"
            },
            {
                "time": 1694527560,
                "precipIntensity": 0.0,
                "precipProbability": 0.0,
                "precipIntensityError": 0.0,
                "precipType": "none"
            },
            {
                "time": 1694527620,
                "precipIntensity": 0.0,
                "precipProbability": 0.0,
                "precipIntensityError": 0.0,
                "precipType": "none"
            },
            {
                "time": 1694527680,
                "precipIntensity": 0.0,
                "precipProbability": 0.0,
                "precipIntensityError": 0.0,
                "precipType": "none"
            },
            {
                "time": 1694527740,
                "precipIntensity": 0.0,
                "precipProbability": 0.0,
                "precipIntensityError": 0.0,
                "precipType": "none"
            },
            {
                "time": 1694527800,
                "precipIntensity": 0.0,
                "precipProbability": 0.0,
                "precipIntensityError": 0.0,
                "precipType": "none"
            },
            {
                "time": 1694527860,
                "precipIntensity": 0.0,
                "precipProbability": 0.0,
                "precipIntensityError": 0.0,
                "precipType": "none"
            },
            {
                "time": 1694527920,
                "precipIntensity": 0.0,
                "precipProbability": 0.0,
                "precipIntensityError": 0.0,
                "precipType": "none"
            },
            {
                "time": 1694527980,
                "precipIntensity": 0.0,
                "precipProbability": 0.0,
                "precipIntensityError": 0.0,
                "precipType": "none"
            },
            {
                "time": 1694528040,
                "precipIntensity": 0.0,
                "precipProbability": 0.0,
                "precipIntensityError": 0.0,
                "precipType": "none"
            },
            {
                "time": 1694528100,
                "precipIntensity": 0.0,
                "precipProbability": 0.0,
                "precipIntensityError": 0.0,
                "precipType": "none"
            },
            {
                "time": 1694528160,
                "precipIntensity": 0.0,
                "precipProbability": 0.0,
                "precipIntensityError": 0.0,
                "precipType": "none"
            },
            {
                "time": 1694528220,
                "precipIntensity": 0.0,
                "precipProbability": 0.0,
                "precipIntensityError": 0.0,
                "precipType": "none"
            },
            {
                "time": 1694528280,
                "precipIntensity": 0.0,
                "precipProbability": 0.0,
                "precipIntensityError": 0.0,
                "precipType": "none"
            },
            {
                "time": 1694528340,
                "precipIntensity": 0.0,
                "precipProbability": 0.0,
                "precipIntensityError": 0.0,
                "precipType": "none"
            }
        ]
    },
    "hourly": {
        "summary": "Cloudy",
        "icon": "cloudy",
        "data": [
            {
                "time": 1694523600,
                "icon": "cloudy",
                "summary": "Cloudy",
                "precipIntensity": 0.0,
                "precipProbability": 0.0,
                "precipIntensityError": 0.0,
                "precipAccumulation": 0.0,
                "precipType": "none",
                "temperature": 59.86,
                "apparentTemperature": 56.38,
                "dewPoint": 33.64,
                "humidity": 0.35,
                "pressure": 861.4,
                "windSpeed": 5.53,
                "windGust": 8.8,
                "windBearing": 137,
                "cloudCover": 1.0,
                "uvIndex": 0.0,
                "visibility": 10.0,
                "ozone": 289.63
            },
            {
                "time": 1694527200,
                "icon": "clear-day",
                "summary": "Clear",
                "precipIntensity": 0.0,
                "precipProbability": 0.0,
                "precipIntensityError": 0.0,
                "precipAccumulation": 0.0,
                "precipType": "none",
                "temperature": 63.34,
                "apparentTemperature": 59.75,
                "dewPoint": 33.19,
                "humidity": 0.32,
                "pressure": 861.9,
                "windSpeed": 6.12,
                "windGust": 12.15,
                "windBearing": 125,
                "cloudCover": 0.35,
                "uvIndex": 0.33,
                "visibility": 10.0,
                "ozone": 288.91
            },
            {
                "time": 1694530800,
                "icon": "cloudy",
                "summary": "Cloudy",
                "precipIntensity": 0.0,
                "precipProbability": 0.0,
                "precipIntensityError": 0.0,
                "precipAccumulation": 0.0,
                "precipType": "none",
                "temperature": 69.08,
                "apparentTemperature": 65.87,
                "dewPoint": 34.66,
                "humidity": 0.29,
                "pressure": 861.9,
                "windSpeed": 8.37,
                "windGust": 12.43,
                "windBearing": 118,
                "cloudCover": 1.0,
                "uvIndex": 1.53,
                "visibility": 10.0,
                "ozone": 288.35
            },
            {
                "time": 1694534400,
                "icon": "cloudy",
                "summary": "Cloudy",
                "precipIntensity": 0.0,
                "precipProbability": 0.0,
                "precipIntensityError": 0.0,
                "precipAccumulation": 0.0,
                "precipType": "none",
                "temperature": 72.68,
                "apparentTemperature": 69.94,
                "dewPoint": 36.34,
                "humidity": 0.28,
                "pressure": 861.9,
                "windSpeed": 8.2,
                "windGust": 12.71,
                "windBearing": 104,
                "cloudCover": 1.0,
                "uvIndex": 3.09,
                "visibility": 10.0,
                "ozone": 287.4
            },
            {
                "time": 1694538000,
                "icon": "cloudy",
                "summary": "Cloudy",
                "precipIntensity": 0.0,
                "precipProbability": 0.0,
                "precipIntensityError": 0.0,
                "precipAccumulation": 0.0,
                "precipType": "none",
                "temperature": 76.51,
                "apparentTemperature": 73.74,
                "dewPoint": 36.23,
                "humidity": 0.25,
                "pressure": 861.8,
                "windSpeed": 5.69,
                "windGust": 7.4,
                "windBearing": 115,
                "cloudCover": 1.0,
                "uvIndex": 4.86,
                "visibility": 10.0,
                "ozone": 286.96
            },
            {
                "time": 1694541600,
                "icon": "cloudy",
                "summary": "Cloudy",
                "precipIntensity": 0.0,
                "precipProbability": 0.0,
                "precipIntensityError": 0.0,
                "precipAccumulation": 0.0,
                "precipType": "none",
                "temperature": 80.33,
                "apparentTemperature": 77.43,
                "dewPoint": 35.78,
                "humidity": 0.22,
                "pressure": 861.0,
                "windSpeed": 2.7,
                "windGust": 4.75,
                "windBearing": 111,
                "cloudCover": 0.95,
                "uvIndex": 6.37,
                "visibility": 10.0,
                "ozone": 286.33
            },
            {
                "time": 1694545200,
                "icon": "clear-day",
                "summary": "Clear",
                "precipIntensity": 0.0,
                "precipProbability": 0.0,
                "precipIntensityError": 0.0,
                "precipAccumulation": 0.0,
                "precipType": "none",
                "temperature": 83.82,
                "apparentTemperature": 80.49,
                "dewPoint": 34.21,
                "humidity": 0.18,
                "pressure": 859.9,
                "windSpeed": 3.97,
                "windGust": 6.84,
                "windBearing": 350,
                "cloudCover": 0.19,
                "uvIndex": 7.13,
                "visibility": 10.0,
                "ozone": 285.51
            },
            {
                "time": 1694548800,
                "icon": "cloudy",
                "summary": "Cloudy",
                "precipIntensity": 0.0,
                "precipProbability": 0.0,
                "precipIntensityError": 0.0,
                "precipAccumulation": 0.0,
                "precipType": "none",
                "temperature": 85.39,
                "apparentTemperature": 81.22,
                "dewPoint": 30.83,
                "humidity": 0.15,
                "pressure": 859.1,
                "windSpeed": 4.88,
                "windGust": 8.24,
                "windBearing": 347,
                "cloudCover": 0.87,
                "uvIndex": 6.61,
                "visibility": 10.0,
                "ozone": 284.23
            },
            {
                "time": 1694552400,
                "icon": "cloudy",
                "summary": "Cloudy",
                "precipIntensity": 0.0,
                "precipProbability": 0.0,
                "precipIntensityError": 0.0,
                "precipAccumulation": 0.0,
                "precipType": "none",
                "temperature": 85.06,
                "apparentTemperature": 80.67,
                "dewPoint": 29.93,
                "humidity": 0.14,
                "pressure": 858.8,
                "windSpeed": 5.79,
                "windGust": 7.54,
                "windBearing": 340,
                "cloudCover": 1.0,
                "uvIndex": 5.94,
                "visibility": 10.0,
                "ozone": 282.98
            },
            {
                "time": 1694556000,
                "icon": "cloudy",
                "summary": "Cloudy",
                "precipIntensity": 0.0,
                "precipProbability": 0.0,
                "precipIntensityError": 0.0,
                "precipAccumulation": 0.0,
                "precipType": "none",
                "temperature": 85.28,
                "apparentTemperature": 81.21,
                "dewPoint": 31.28,
                "humidity": 0.15,
                "pressure": 858.1,
                "windSpeed": 0.7,
                "windGust": 6.7,
                "windBearing": 307,
                "cloudCover": 0.84,
                "uvIndex": 5.27,
                "visibility": 10.0,
                "ozone": 283.04
            },
            {
                "time": 1694559600,
                "icon": "clear-day",
                "summary": "Clear",
                "precipIntensity": 0.0,
                "precipProbability": 0.0,
                "precipIntensityError": 0.0,
                "precipAccumulation": 0.0,
                "precipType": "none",
                "temperature": 85.96,
                "apparentTemperature": 81.67,
                "dewPoint": 30.38,
                "humidity": 0.14,
                "pressure": 857.3,
                "windSpeed": 3.07,
                "windGust": 6.84,
                "windBearing": 357,
                "cloudCover": 0.14,
                "uvIndex": 3.74,
                "visibility": 10.0,
                "ozone": 282.74
            },
            {
                "time": 1694563200,
                "icon": "cloudy",
                "summary": "Cloudy",
                "precipIntensity": 0.0,
                "precipProbability": 0.0,
                "precipIntensityError": 0.0,
                "precipAccumulation": 0.0,
                "precipType": "none",
                "temperature": 85.17,
                "apparentTemperature": 80.63,
                "dewPoint": 29.26,
                "humidity": 0.14,
                "pressure": 857.4,
                "windSpeed": 3.49,
                "windGust": 5.17,
                "windBearing": 2,
                "cloudCover": 1.0,
                "uvIndex": 2.02,
                "visibility": 10.0,
                "ozone": 282.92
            },
            {
                "time": 1694566800,
                "icon": "cloudy",
                "summary": "Cloudy",
                "precipIntensity": 0.0,
                "precipProbability": 0.0,
                "precipIntensityError": 0.0,
                "precipAccumulation": 0.0,
                "precipType": "none",
                "temperature": 78.76,
                "apparentTemperature": 77.35,
                "dewPoint": 40.62,
                "humidity": 0.26,
                "pressure": 857.8,
                "windSpeed": 14.5,
                "windGust": 24.16,
                "windBearing": 129,
                "cloudCover": 1.0,
                "uvIndex": 0.65,
                "visibility": 10.0,
                "ozone": 282.82
            },
            {
                "time": 1694570400,
                "icon": "cloudy",
                "summary": "Cloudy",
                "precipIntensity": 0.0,
                "precipProbability": 0.0,
                "precipIntensityError": 0.0,
                "precipAccumulation": 0.0,
                "precipType": "none",
                "temperature": 73.13,
                "apparentTemperature": 72.63,
                "dewPoint": 43.21,
                "humidity": 0.33,
                "pressure": 858.8,
                "windSpeed": 17.4,
                "windGust": 31.83,
                "windBearing": 142,
                "cloudCover": 1.0,
                "uvIndex": 0.0,
                "visibility": 10.0,
                "ozone": 282.64
            },
            {
                "time": 1694574000,
                "icon": "partly-cloudy-night",
                "summary": "Partly Cloudy",
                "precipIntensity": 0.0,
                "precipProbability": 0.0,
                "precipIntensityError": 0.0,
                "precipAccumulation": 0.0,
                "precipType": "none",
                "temperature": 71.33,
                "apparentTemperature": 70.62,
                "dewPoint": 42.64,
                "humidity": 0.34,
                "pressure": 859.0,
                "windSpeed": 10.69,
                "windGust": 16.76,
                "windBearing": 139,
                "cloudCover": 0.73,
                "uvIndex": 0.0,
                "visibility": 10.0,
                "ozone": 282.44
            },
            {
                "time": 1694577600,
                "icon": "cloudy",
                "summary": "Cloudy",
                "precipIntensity": 0.0,
                "precipProbability": 0.0,
                "precipIntensityError": 0.0,
                "precipAccumulation": 0.0,
                "precipType": "none",
                "temperature": 70.21,
                "apparentTemperature": 69.74,
                "dewPoint": 43.32,
                "humidity": 0.37,
                "pressure": 859.8,
                "windSpeed": 8.59,
                "windGust": 17.45,
                "windBearing": 137,
                "cloudCover": 0.99,
                "uvIndex": 0.0,
                "visibility": 10.0,
                "ozone": 282.65
            },
            {
                "time": 1694581200,
                "icon": "cloudy",
                "summary": "Cloudy",
                "precipIntensity": 0.0,
                "precipProbability": 0.0,
                "precipIntensityError": 0.0,
                "precipAccumulation": 0.0,
                "precipType": "none",
                "temperature": 67.06,
                "apparentTemperature": 67.1,
                "dewPoint": 44.67,
                "humidity": 0.42,
                "pressure": 861.1,
                "windSpeed": 9.94,
                "windGust": 18.29,
                "windBearing": 142,
                "cloudCover": 0.93,
                "uvIndex": 0.0,
                "visibility": 10.0,
                "ozone": 282.58
            },
            {
                "time": 1694584800,
                "icon": "cloudy",
                "summary": "Cloudy",
                "precipIntensity": 0.0,
                "precipProbability": 0.0,
                "precipIntensityError": 0.0,
                "precipAccumulation": 0.0,
                "precipType": "none",
                "temperature": 66.27,
                "apparentTemperature": 66.53,
                "dewPoint": 45.23,
                "humidity": 0.45,
                "pressure": 861.2,
                "windSpeed": 7.54,
                "windGust": 16.89,
                "windBearing": 141,
                "cloudCover": 1.0,
                "uvIndex": 0.0,
                "visibility": 10.0,
                "ozone": 282.21
            },
            {
                "time": 1694588400,
                "icon": "partly-cloudy-night",
                "summary": "Partly Cloudy",
                "precipIntensity": 0.0,
                "precipProbability": 0.0,
                "precipIntensityError": 0.0,
                "precipAccumulation": 0.0,
                "precipType": "none",
                "temperature": 64.24,
                "apparentTemperature": 64.29,
                "dewPoint": 44.67,
                "humidity": 0.45,
                "pressure": 861.5,
                "windSpeed": 3.69,
                "windGust": 9.91,
                "windBearing": 143,
                "cloudCover": 0.53,
                "uvIndex": 0.0,
                "visibility": 10.0,
                "ozone": 282.36
            },
            {
                "time": 1694592000,
                "icon": "partly-cloudy-night",
                "summary": "Partly Cloudy",
                "precipIntensity": 0.0,
                "precipProbability": 0.0,
                "precipIntensityError": 0.0,
                "precipAccumulation": 0.0,
                "precipType": "none",
                "temperature": 61.88,
                "apparentTemperature": 62.1,
                "dewPoint": 45.12,
                "humidity": 0.5,
                "pressure": 861.4,
                "windSpeed": 4.11,
                "windGust": 5.72,
                "windBearing": 100,
                "cloudCover": 0.71,
                "uvIndex": 0.0,
                "visibility": 10.0,
                "ozone": 282.45
            },
            {
                "time": 1694595600,
                "icon": "clear-night",
                "summary": "Clear",
                "precipIntensity": 0.0,
                "precipProbability": 0.0,
                "precipIntensityError": 0.0,
                "precipAccumulation": 0.0,
                "precipType": "none",
                "temperature": 59.74,
                "apparentTemperature": 59.92,
                "dewPoint": 45.01,
                "humidity": 0.53,
                "pressure": 861.3,
                "windSpeed": 4.33,
                "windGust": 4.75,
                "windBearing": 69,
                "cloudCover": 0.21,
                "uvIndex": 0.0,
                "visibility": 10.0,
                "ozone": 282.83
            },
            {
                "time": 1694599200,
                "icon": "cloudy",
                "summary": "Cloudy",
                "precipIntensity": 0.0032,
                "precipProbability": 0.11,
                "precipIntensityError": 0.01,
                "precipAccumulation": 0.0032,
                "precipType": "rain",
                "temperature": 58.28,
                "apparentTemperature": 58.37,
                "dewPoint": 44.78,
                "humidity": 0.56,
                "pressure": 861.4,
                "windSpeed": 3.45,
                "windGust": 5.45,
                "windBearing": 69,
                "cloudCover": 0.89,
                "uvIndex": 0.0,
                "visibility": 10.0,
                "ozone": 283.25
            },
            {
                "time": 1694602800,
                "icon": "cloudy",
                "summary": "Cloudy",
                "precipIntensity": 0.0039,
                "precipProbability": 0.16,
                "precipIntensityError": 0.01,
                "precipAccumulation": 0.0039,
                "precipType": "rain",
                "temperature": 57.16,
                "apparentTemperature": 57.29,
                "dewPoint": 44.89,
                "humidity": 0.58,
                "pressure": 861.5,
                "windSpeed": 4.0,
                "windGust": 6.56,
                "windBearing": 78,
                "cloudCover": 1.0,
                "uvIndex": 0.0,
                "visibility": 10.0,
                "ozone": 284.07
            },
            {
                "time": 1694606400,
                "icon": "cloudy",
                "summary": "Cloudy",
                "precipIntensity": 0.0046,
                "precipProbability": 0.21,
                "precipIntensityError": 0.01,
                "precipAccumulation": 0.0046,
                "precipType": "rain",
                "temperature": 55.92,
                "apparentTemperature": 56.14,
                "dewPoint": 45.12,
                "humidity": 0.6,
                "pressure": 861.7,
                "windSpeed": 3.06,
                "windGust": 5.72,
                "windBearing": 114,
                "cloudCover": 0.85,
                "uvIndex": 0.0,
                "visibility": 10.0,
                "ozone": 285.31
            },
            {
                "time": 1694610000,
                "icon": "cloudy",
                "summary": "Cloudy",
                "precipIntensity": 0.0044,
                "precipProbability": 0.17,
                "precipIntensityError": 0.01,
                "precipAccumulation": 0.0044,
                "precipType": "rain",
                "temperature": 55.13,
                "apparentTemperature": 55.4,
                "dewPoint": 45.23,
                "humidity": 0.62,
                "pressure": 862.2,
                "windSpeed": 1.86,
                "windGust": 4.33,
                "windBearing": 77,
                "cloudCover": 0.94,
                "uvIndex": 0.0,
                "visibility": 10.0,
                "ozone": 285.31
            },
            {
                "time": 1694613600,
                "icon": "cloudy",
                "summary": "Cloudy",
                "precipIntensity": 0.0042,
                "precipProbability": 0.13,
                "precipIntensityError": 0.01,
                "precipAccumulation": 0.0042,
                "precipType": "rain",
                "temperature": 58.51,
                "apparentTemperature": 58.73,
                "dewPoint": 45.12,
                "humidity": 0.61,
                "pressure": 862.5,
                "windSpeed": 2.13,
                "windGust": 4.47,
                "windBearing": 113,
                "cloudCover": 1.0,
                "uvIndex": 0.29,
                "visibility": 10.0,
                "ozone": 284.85
            },
            {
                "time": 1694617200,
                "icon": "cloudy",
                "summary": "Cloudy",
                "precipIntensity": 0.004,
                "precipProbability": 0.09,
                "precipIntensityError": 0.01,
                "precipAccumulation": 0.004,
                "precipType": "rain",
                "temperature": 64.36,
                "apparentTemperature": 64.49,
                "dewPoint": 44.89,
                "humidity": 0.5,
                "pressure": 862.7,
                "windSpeed": 1.13,
                "windGust": 4.61,
                "windBearing": 97,
                "cloudCover": 1.0,
                "uvIndex": 1.3,
                "visibility": 10.0,
                "ozone": 284.2
            },
            {
                "time": 1694620800,
                "icon": "cloudy",
                "summary": "Cloudy",
                "precipIntensity": 0.0039,
                "precipProbability": 0.14,
                "precipIntensityError": 0.0,
                "precipAccumulation": 0.0039,
                "precipType": "rain",
                "temperature": 70.54,
                "apparentTemperature": 70.29,
                "dewPoint": 43.88,
                "humidity": 0.4,
                "pressure": 862.6,
                "windSpeed": 3.53,
                "windGust": 6.28,
                "windBearing": 342,
                "cloudCover": 1.0,
                "uvIndex": 2.74,
                "visibility": 10.0,
                "ozone": 285.32
            },
            {
                "time": 1694624400,
                "icon": "cloudy",
                "summary": "Cloudy",
                "precipIntensity": 0.0039,
                "precipProbability": 0.19,
                "precipIntensityError": 0.0,
                "precipAccumulation": 0.0039,
                "precipType": "rain",
                "temperature": 74.48,
                "apparentTemperature": 74.14,
                "dewPoint": 43.66,
                "humidity": 0.36,
                "pressure": 862.2,
                "windSpeed": 6.15,
                "windGust": 7.4,
                "windBearing": 339,
                "cloudCover": 1.0,
                "uvIndex": 4.34,
                "visibility": 10.0,
                "ozone": 286.18
            },
            {
                "time": 1694628000,
                "icon": "cloudy",
                "summary": "Cloudy",
                "precipIntensity": 0.0038,
                "precipProbability": 0.25,
                "precipIntensityError": 0.0,
                "precipAccumulation": 0.0038,
                "precipType": "rain",
                "temperature": 77.52,
                "apparentTemperature": 76.93,
                "dewPoint": 42.98,
                "humidity": 0.32,
                "pressure": 861.6,
                "windSpeed": 5.62,
                "windGust": 6.84,
                "windBearing": 333,
                "cloudCover": 1.0,
                "uvIndex": 5.84,
                "visibility": 10.0,
                "ozone": 286.5
            },
            {
                "time": 1694631600,
                "icon": "partly-cloudy-day",
                "summary": "Partly Cloudy",
                "precipIntensity": 0.0031,
                "precipProbability": 0.17,
                "precipIntensityError": 0.0,
                "precipAccumulation": 0.0031,
                "precipType": "rain",
                "temperature": 80.11,
                "apparentTemperature": 79.08,
                "dewPoint": 41.74,
                "humidity": 0.28,
                "pressure": 860.4,
                "windSpeed": 6.56,
                "windGust": 7.96,
                "windBearing": 333,
                "cloudCover": 0.69,
                "uvIndex": 6.1,
                "visibility": 10.0,
                "ozone": 286.45
            },
            {
                "time": 1694635200,
                "icon": "cloudy",
                "summary": "Cloudy",
                "precipIntensity": 0.0025,
                "precipProbability": 0.1,
                "precipIntensityError": 0.0,
                "precipAccumulation": 0.0025,
                "precipType": "rain",
                "temperature": 82.02,
                "apparentTemperature": 80.57,
                "dewPoint": 40.51,
                "humidity": 0.25,
                "pressure": 859.7,
                "windSpeed": 5.36,
                "windGust": 6.7,
                "windBearing": 309,
                "cloudCover": 1.0,
                "uvIndex": 5.86,
                "visibility": 10.0,
                "ozone": 286.4
            },
            {
                "time": 1694638800,
                "icon": "partly-cloudy-day",
                "summary": "Partly Cloudy",
                "precipIntensity": 0.0019,
                "precipProbability": 0.03,
                "precipIntensityError": 0.0,
                "precipAccumulation": 0.0019,
                "precipType": "rain",
                "temperature": 78.64,
                "apparentTemperature": 78.06,
                "dewPoint": 42.98,
                "humidity": 0.3,
                "pressure": 859.3,
                "windSpeed": 16.9,
                "windGust": 22.2,
                "windBearing": 223,
                "cloudCover": 0.62,
                "uvIndex": 5.49,
                "visibility": 10.0,
                "ozone": 286.36
            },
            {
                "time": 1694642400,
                "icon": "cloudy",
                "summary": "Cloudy",
                "precipIntensity": 0.0015,
                "precipProbability": 0.03,
                "precipIntensityError": 0.0,
                "precipAccumulation": 0.0015,
                "precipType": "rain",
                "temperature": 81.46,
                "apparentTemperature": 79.22,
                "dewPoint": 38.03,
                "humidity": 0.22,
                "pressure": 858.8,
                "windSpeed": 10.55,
                "windGust": 12.57,
                "windBearing": 208,
                "cloudCover": 0.99,
                "uvIndex": 4.21,
                "visibility": 10.0,
                "ozone": 286.09
            },
            {
                "time": 1694646000,
                "icon": "partly-cloudy-day",
                "summary": "Partly Cloudy",
                "precipIntensity": 0.0011,
                "precipProbability": 0.04,
                "precipIntensityError": 0.0,
                "precipAccumulation": 0.0011,
                "precipType": "rain",
                "temperature": 81.91,
                "apparentTemperature": 79.04,
                "dewPoint": 35.89,
                "humidity": 0.2,
                "pressure": 858.2,
                "windSpeed": 3.66,
                "windGust": 4.47,
                "windBearing": 162,
                "cloudCover": 0.49,
                "uvIndex": 3.06,
                "visibility": 10.0,
                "ozone": 286.14
            },
            {
                "time": 1694649600,
                "icon": "cloudy",
                "summary": "Cloudy",
                "precipIntensity": 0.0007,
                "precipProbability": 0.05,
                "precipIntensityError": 0.0,
                "precipAccumulation": 0.0007,
                "precipType": "rain",
                "temperature": 81.01,
                "apparentTemperature": 78.57,
                "dewPoint": 37.36,
                "humidity": 0.21,
                "pressure": 858.8,
                "windSpeed": 11.21,
                "windGust": 16.76,
                "windBearing": 59,
                "cloudCover": 1.0,
                "uvIndex": 2.16,
                "visibility": 10.0,
                "ozone": 286.41
            },
            {
                "time": 1694653200,
                "icon": "partly-cloudy-day",
                "summary": "Partly Cloudy",
                "precipIntensity": 0.003,
                "precipProbability": 0.1,
                "precipIntensityError": 0.0,
                "precipAccumulation": 0.003,
                "precipType": "rain",
                "temperature": 71.89,
                "apparentTemperature": 71.64,
                "dewPoint": 43.88,
                "humidity": 0.37,
                "pressure": 860.1,
                "windSpeed": 12.75,
                "windGust": 30.16,
                "windBearing": 65,
                "cloudCover": 0.57,
                "uvIndex": 0.68,
                "visibility": 10.0,
                "ozone": 285.71
            },
            {
                "time": 1694656800,
                "icon": "clear-night",
                "summary": "Clear",
                "precipIntensity": 0.0052,
                "precipProbability": 0.16,
                "precipIntensityError": 0.01,
                "precipAccumulation": 0.0052,
                "precipType": "rain",
                "temperature": 68.74,
                "apparentTemperature": 68.04,
                "dewPoint": 42.64,
                "humidity": 0.38,
                "pressure": 860.1,
                "windSpeed": 7.69,
                "windGust": 32.11,
                "windBearing": 74,
                "cloudCover": 0.07,
                "uvIndex": 0.0,
                "visibility": 10.0,
                "ozone": 284.65
            },
            {
                "time": 1694660400,
                "icon": "cloudy",
                "summary": "Cloudy",
                "precipIntensity": 0.0074,
                "precipProbability": 0.21,
                "precipIntensityError": 0.01,
                "precipAccumulation": 0.0074,
                "precipType": "rain",
                "temperature": 66.94,
                "apparentTemperature": 65.8,
                "dewPoint": 41.41,
                "humidity": 0.37,
                "pressure": 860.2,
                "windSpeed": 6.76,
                "windGust": 6.7,
                "windBearing": 232,
                "cloudCover": 1.0,
                "uvIndex": 0.0,
                "visibility": 10.0,
                "ozone": 284.8
            },
            {
                "time": 1694664000,
                "icon": "partly-cloudy-night",
                "summary": "Partly Cloudy",
                "precipIntensity": 0.0093,
                "precipProbability": 0.34,
                "precipIntensityError": 0.01,
                "precipAccumulation": 0.0093,
                "precipType": "rain",
                "temperature": 65.93,
                "apparentTemperature": 64.45,
                "dewPoint": 40.39,
                "humidity": 0.37,
                "pressure": 860.0,
                "windSpeed": 5.73,
                "windGust": 8.1,
                "windBearing": 271,
                "cloudCover": 0.65,
                "uvIndex": 0.0,
                "visibility": 10.0,
                "ozone": 285.32
            },
            {
                "time": 1694667600,
                "icon": "rain",
                "summary": "Rain",
                "precipIntensity": 0.0111,
                "precipProbability": 0.48,
                "precipIntensityError": 0.01,
                "precipAccumulation": 0.0111,
                "precipType": "rain",
                "temperature": 65.14,
                "apparentTemperature": 63.66,
                "dewPoint": 40.39,
                "humidity": 0.37,
                "pressure": 860.5,
                "windSpeed": 2.67,
                "windGust": 3.35,
                "windBearing": 354,
                "cloudCover": 0.98,
                "uvIndex": 0.0,
                "visibility": 10.0,
                "ozone": 286.0
            },
            {
                "time": 1694671200,
                "icon": "rain",
                "summary": "Rain",
                "precipIntensity": 0.0129,
                "precipProbability": 0.61,
                "precipIntensityError": 0.01,
                "precipAccumulation": 0.0129,
                "precipType": "rain",
                "temperature": 56.68,
                "apparentTemperature": 56.35,
                "dewPoint": 43.66,
                "humidity": 0.62,
                "pressure": 810.98,
                "windSpeed": 0.7,
                "windGust": 2.57,
                "windBearing": 283,
                "cloudCover": 1.0,
                "uvIndex": 0.0,
                "visibility": 10.0,
                "ozone": 286.22
            },
            {
                "time": 1694674800,
                "icon": "rain",
                "summary": "Rain",
                "precipIntensity": 0.0113,
                "precipProbability": 0.48,
                "precipIntensityError": 0.01,
                "precipAccumulation": 0.0113,
                "precipType": "rain",
                "temperature": 55.31,
                "apparentTemperature": 55.33,
                "dewPoint": 44.61,
                "humidity": 0.67,
                "pressure": 811.01,
                "windSpeed": 0.78,
                "windGust": 2.32,
                "windBearing": 196,
                "cloudCover": 0.81,
                "uvIndex": 0.0,
                "visibility": 10.0,
                "ozone": 285.47
            },
            {
                "time": 1694678400,
                "icon": "cloudy",
                "summary": "Cloudy",
                "precipIntensity": 0.0096,
                "precipProbability": 0.34,
                "precipIntensityError": 0.01,
                "precipAccumulation": 0.0096,
                "precipType": "rain",
                "temperature": 54.82,
                "apparentTemperature": 54.86,
                "dewPoint": 44.63,
                "humidity": 0.68,
                "pressure": 811.02,
                "windSpeed": 2.56,
                "windGust": 3.07,
                "windBearing": 129,
                "cloudCover": 0.93,
                "uvIndex": 0.0,
                "visibility": 10.0,
                "ozone": 285.23
            },
            {
                "time": 1694682000,
                "icon": "partly-cloudy-night",
                "summary": "Partly Cloudy",
                "precipIntensity": 0.008,
                "precipProbability": 0.21,
                "precipIntensityError": 0.01,
                "precipAccumulation": 0.008,
                "precipType": "rain",
                "temperature": 54.46,
                "apparentTemperature": 54.51,
                "dewPoint": 44.66,
                "humidity": 0.7,
                "pressure": 810.92,
                "windSpeed": 2.52,
                "windGust": 3.49,
                "windBearing": 143,
                "cloudCover": 0.69,
                "uvIndex": 0.0,
                "visibility": 10.0,
                "ozone": 284.85
            },
            {
                "time": 1694685600,
                "icon": "cloudy",
                "summary": "Cloudy",
                "precipIntensity": 0.007,
                "precipProbability": 0.26,
                "precipIntensityError": 0.01,
                "precipAccumulation": 0.007,
                "precipType": "rain",
                "temperature": 54.02,
                "apparentTemperature": 54.23,
                "dewPoint": 45.09,
                "humidity": 0.72,
                "pressure": 811.1,
                "windSpeed": 1.97,
                "windGust": 2.73,
                "windBearing": 132,
                "cloudCover": 1.0,
                "uvIndex": 0.0,
                "visibility": 10.0,
                "ozone": 284.25
            },
            {
                "time": 1694689200,
                "icon": "partly-cloudy-night",
                "summary": "Partly Cloudy",
                "precipIntensity": 0.006,
                "precipProbability": 0.31,
                "precipIntensityError": 0.01,
                "precipAccumulation": 0.006,
                "precipType": "rain",
                "temperature": 54.16,
                "apparentTemperature": 54.39,
                "dewPoint": 45.14,
                "humidity": 0.72,
                "pressure": 811.25,
                "windSpeed": 2.45,
                "windGust": 3.29,
                "windBearing": 127,
                "cloudCover": 0.5,
                "uvIndex": 0.0,
                "visibility": 10.0,
                "ozone": 284.0
            },
            {
                "time": 1694692800,
                "icon": "cloudy",
                "summary": "Cloudy",
                "precipIntensity": 0.005,
                "precipProbability": 0.36,
                "precipIntensityError": 0.01,
                "precipAccumulation": 0.005,
                "precipType": "rain",
                "temperature": 53.32,
                "apparentTemperature": 53.68,
                "dewPoint": 45.48,
                "humidity": 0.75,
                "pressure": 811.67,
                "windSpeed": 1.65,
                "windGust": 3.04,
                "windBearing": 162,
                "cloudCover": 0.82,
                "uvIndex": 0.0,
                "visibility": 10.0,
                "ozone": 283.6
            }
        ]
    },
    "daily": {
        "summary": "Clear",
        "icon": "clear-day",
        "data": [
            {
                "time": 1694498400,
                "icon": "cloudy",
                "summary": "Cloudy",
                "sunriseTime": 1694523183,
                "sunsetTime": 1694568443,
                "moonPhase": 0.93,
                "precipIntensity": 0.0,
                "precipIntensityMax": 0.0,
                "precipIntensityMaxTime": 1694523600,
                "precipProbability": 0.02,
                "precipAccumulation": 0.0,
                "precipType": "rain",
                "temperatureHigh": 85.39,
                "temperatureHighTime": 1694548800,
                "temperatureLow": 58.28,
                "temperatureLowTime": 1694599200,
                "apparentTemperatureHigh": 81.67,
                "apparentTemperatureHighTime": 1694548800,
                "apparentTemperatureLow": 56.38,
                "apparentTemperatureLowTime": 1694599200,
                "dewPoint": 35.34,
                "humidity": 0.24,
                "pressure": 859.74,
                "windSpeed": 6.86,
                "windGust": 11.86,
                "windGustTime": 1694570400,
                "windBearing": 185,
                "cloudCover": 0.82,
                "uvIndex": 7.13,
                "uvIndexTime": 1694545200,
                "visibility": 10.0,
                "temperatureMin": 59.86,
                "temperatureMinTime": 1694523600,
                "temperatureMax": 85.96,
                "temperatureMaxTime": 1694559600,
                "apparentTemperatureMin": 56.38,
                "apparentTemperatureMinTime": 1694523600,
                "apparentTemperatureMax": 81.67,
                "apparentTemperatureMaxTime": 1694559600
            },
            {
                "time": 1694584800,
                "icon": "rain",
                "summary": "Rain",
                "sunriseTime": 1694609637,
                "sunsetTime": 1694654747,
                "moonPhase": 0.95,
                "precipIntensity": 0.0031,
                "precipIntensityMax": 0.0093,
                "precipIntensityMaxTime": 1694664000,
                "precipProbability": 0.34,
                "precipAccumulation": 0.0715,
                "precipType": "rain",
                "temperatureHigh": 82.02,
                "temperatureHighTime": 1694635200,
                "temperatureLow": 54.02,
                "temperatureLowTime": 1694685600,
                "apparentTemperatureHigh": 80.57,
                "apparentTemperatureHighTime": 1694635200,
                "apparentTemperatureLow": 55.4,
                "apparentTemperatureLowTime": 1694685600,
                "dewPoint": 42.84,
                "humidity": 0.41,
                "pressure": 860.84,
                "windSpeed": 5.99,
                "windGust": 10.29,
                "windGustTime": 1694656800,
                "windBearing": 172,
                "cloudCover": 0.79,
                "uvIndex": 6.1,
                "uvIndexTime": 1694631600,
                "visibility": 10.0,
                "temperatureMin": 55.13,
                "temperatureMinTime": 1694610000,
                "temperatureMax": 82.02,
                "temperatureMaxTime": 1694635200,
                "apparentTemperatureMin": 55.4,
                "apparentTemperatureMinTime": 1694610000,
                "apparentTemperatureMax": 80.57,
                "apparentTemperatureMaxTime": 1694635200
            },
            {
                "time": 1694671200,
                "icon": "rain",
                "summary": "Rain",
                "sunriseTime": 1694696091,
                "sunsetTime": 1694741051,
                "moonPhase": 0.98,
                "precipIntensity": 0.0039,
                "precipIntensityMax": 0.0129,
                "precipIntensityMaxTime": 1694671200,
                "precipProbability": 0.61,
                "precipAccumulation": 0.0893,
                "precipType": "rain",
                "temperatureHigh": 73.84,
                "temperatureHighTime": 1694728800,
                "temperatureLow": 54.72,
                "temperatureLowTime": 1694772000,
                "apparentTemperatureHigh": 71.38,
                "apparentTemperatureHighTime": 1694728800,
                "apparentTemperatureLow": 53.46,
                "apparentTemperatureLowTime": 1694772000,
                "dewPoint": 42.49,
                "humidity": 0.52,
                "pressure": 811.45,
                "windSpeed": 3.86,
                "windGust": 5.27,
                "windGustTime": 1694728800,
                "windBearing": 218,
                "cloudCover": 0.91,
                "uvIndex": 6.43,
                "uvIndexTime": 1694718000,
                "visibility": 10.0,
                "temperatureMin": 53.12,
                "temperatureMinTime": 1694696400,
                "temperatureMax": 73.84,
                "temperatureMaxTime": 1694728800,
                "apparentTemperatureMin": 53.46,
                "apparentTemperatureMinTime": 1694696400,
                "apparentTemperatureMax": 71.38,
                "apparentTemperatureMaxTime": 1694728800
            },
            {
                "time": 1694757600,
                "icon": "clear-day",
                "summary": "Clear",
                "sunriseTime": 1694782545,
                "sunsetTime": 1694827354,
                "moonPhase": 0.02,
                "precipIntensity": 0.0,
                "precipIntensityMax": 0.0,
                "precipIntensityMaxTime": 1694757600,
                "precipProbability": 0.2,
                "precipAccumulation": 0.0,
                "precipType": "rain",
                "temperatureHigh": 75.91,
                "temperatureHighTime": 1694815200,
                "temperatureLow": 54.54,
                "temperatureLowTime": 1694858400,
                "apparentTemperatureHigh": 70.41,
                "apparentTemperatureHighTime": 1694815200,
                "apparentTemperatureLow": 49.29,
                "apparentTemperatureLowTime": 1694858400,
                "dewPoint": 32.54,
                "humidity": 0.36,
                "pressure": 813.98,
                "windSpeed": 4.36,
                "windGust": 6.42,
                "windGustTime": 1694822400,
                "windBearing": 198,
                "cloudCover": 0.07,
                "uvIndex": 7.37,
                "uvIndexTime": 1694808000,
                "visibility": 10.0,
                "temperatureMin": 51.36,
                "temperatureMinTime": 1694782800,
                "temperatureMax": 75.91,
                "temperatureMaxTime": 1694815200,
                "apparentTemperatureMin": 49.29,
                "apparentTemperatureMinTime": 1694782800,
                "apparentTemperatureMax": 70.41,
                "apparentTemperatureMaxTime": 1694815200
            },
            {
                "time": 1694844000,
                "icon": "clear-day",
                "summary": "Clear",
                "sunriseTime": 1694868999,
                "sunsetTime": 1694913657,
                "moonPhase": 0.05,
                "precipIntensity": 0.0,
                "precipIntensityMax": 0.0,
                "precipIntensityMaxTime": 1694844000,
                "precipProbability": 0.05,
                "precipAccumulation": 0.0,
                "precipType": "none",
                "temperatureHigh": 78.73,
                "temperatureHighTime": 1694901600,
                "temperatureLow": 56.65,
                "temperatureLowTime": 1694944800,
                "apparentTemperatureHigh": 73.35,
                "apparentTemperatureHighTime": 1694901600,
                "apparentTemperatureLow": 46.93,
                "apparentTemperatureLowTime": 1694944800,
                "dewPoint": 24.88,
                "humidity": 0.23,
                "pressure": 815.56,
                "windSpeed": 4.5,
                "windGust": 6.03,
                "windGustTime": 1694901600,
                "windBearing": 199,
                "cloudCover": 0.01,
                "uvIndex": 7.34,
                "uvIndexTime": 1694894400,
                "visibility": 10.0,
                "temperatureMin": 52.33,
                "temperatureMinTime": 1694869200,
                "temperatureMax": 78.73,
                "temperatureMaxTime": 1694901600,
                "apparentTemperatureMin": 46.93,
                "apparentTemperatureMinTime": 1694869200,
                "apparentTemperatureMax": 73.35,
                "apparentTemperatureMaxTime": 1694901600
            },
            {
                "time": 1694930400,
                "icon": "clear-day",
                "summary": "Clear",
                "sunriseTime": 1694955453,
                "sunsetTime": 1694999960,
                "moonPhase": 0.08,
                "precipIntensity": 0.0,
                "precipIntensityMax": 0.0,
                "precipIntensityMaxTime": 1694930400,
                "precipProbability": 0.0,
                "precipAccumulation": 0.0,
                "precipType": "none",
                "temperatureHigh": 80.3,
                "temperatureHighTime": 1694984400,
                "temperatureLow": 57.99,
                "temperatureLowTime": 1695031200,
                "apparentTemperatureHigh": 74.7,
                "apparentTemperatureHighTime": 1694984400,
                "apparentTemperatureLow": 49.44,
                "apparentTemperatureLowTime": 1695031200,
                "dewPoint": 24.25,
                "humidity": 0.21,
                "pressure": 814.35,
                "windSpeed": 5.46,
                "windGust": 7.53,
                "windGustTime": 1694995200,
                "windBearing": 200,
                "cloudCover": 0.04,
                "uvIndex": 7.06,
                "uvIndexTime": 1694984400,
                "visibility": 10.0,
                "temperatureMin": 55.04,
                "temperatureMinTime": 1694952000,
                "temperatureMax": 80.3,
                "temperatureMaxTime": 1694984400,
                "apparentTemperatureMin": 49.44,
                "apparentTemperatureMinTime": 1694952000,
                "apparentTemperatureMax": 74.7,
                "apparentTemperatureMaxTime": 1694984400
            },
            {
                "time": 1695016800,
                "icon": "clear-day",
                "summary": "Clear",
                "sunriseTime": 1695041907,
                "sunsetTime": 1695086263,
                "moonPhase": 0.11,
                "precipIntensity": 0.0,
                "precipIntensityMax": 0.0,
                "precipIntensityMaxTime": 1695016800,
                "precipProbability": 0.08,
                "precipAccumulation": 0.0,
                "precipType": "rain",
                "temperatureHigh": 81.1,
                "temperatureHighTime": 1695070800,
                "temperatureLow": 57.89,
                "temperatureLowTime": 1695117600,
                "apparentTemperatureHigh": 76.47,
                "apparentTemperatureHighTime": 1695070800,
                "apparentTemperatureLow": 51.16,
                "apparentTemperatureLowTime": 1695117600,
                "dewPoint": 28.53,
                "humidity": 0.24,
                "pressure": 812.07,
                "windSpeed": 5.89,
                "windGust": 9.01,
                "windGustTime": 1695081600,
                "windBearing": 200,
                "cloudCover": 0.18,
                "uvIndex": 6.61,
                "uvIndexTime": 1695070800,
                "visibility": 10.0,
                "temperatureMin": 56.63,
                "temperatureMinTime": 1695038400,
                "temperatureMax": 81.1,
                "temperatureMaxTime": 1695070800,
                "apparentTemperatureMin": 51.16,
                "apparentTemperatureMinTime": 1695038400,
                "apparentTemperatureMax": 76.47,
                "apparentTemperatureMaxTime": 1695070800
            },
            {
                "time": 1695103200,
                "icon": "partly-cloudy-day",
                "summary": "Partly Cloudy",
                "sunriseTime": 1695128361,
                "sunsetTime": 1695172567,
                "moonPhase": 0.14,
                "precipIntensity": 0.0,
                "precipIntensityMax": 0.0,
                "precipIntensityMaxTime": 1695103200,
                "precipProbability": 0.11,
                "precipAccumulation": 0.0,
                "precipType": "rain",
                "temperatureHigh": 79.34,
                "temperatureHighTime": 1695157200,
                "temperatureLow": 57.61,
                "temperatureLowTime": 1695204000,
                "apparentTemperatureHigh": 74.96,
                "apparentTemperatureHighTime": 1695157200,
                "apparentTemperatureLow": 53.6,
                "apparentTemperatureLowTime": 1695204000,
                "dewPoint": 32.13,
                "humidity": 0.3,
                "pressure": 810.42,
                "windSpeed": 7.14,
                "windGust": 10.6,
                "windGustTime": 1695168000,
                "windBearing": 188,
                "cloudCover": 0.43,
                "uvIndex": 5.82,
                "uvIndexTime": 1695157200,
                "visibility": 10.0,
                "temperatureMin": 56.27,
                "temperatureMinTime": 1695124800,
                "temperatureMax": 79.34,
                "temperatureMaxTime": 1695157200,
                "apparentTemperatureMin": 53.6,
                "apparentTemperatureMinTime": 1695124800,
                "apparentTemperatureMax": 74.96,
                "apparentTemperatureMaxTime": 1695157200
            }
        ]
    },
    "alerts": [],
    "flags": {
        "sources": [
            "ETOPO1",
            "gfs",
            "gefs",
            "hrrrsubh",
            "hrrr"
        ],
        "sourceTimes": {
            "hrrr_0-18": "2023-09-12 11:00:00",
            "hrrr_subh": "2023-09-12 11:00:00",
            "hrrr_18-48": "2023-09-12 06:00:00",
            "gfs": "2023-09-12 06:00:00",
            "gefs": "2023-09-12 00:00:00"
        },
        "nearest-station": 0,
        "units": "us",
        "version": "V1.5.5"
    }
}